{

    "offensive": ["attack"],
    "offensiveFallen": [],
    "counterAttack": ["block", "kick", "roll", "attack"],
    "counterRolling": ["kick", "attack"],
    "counterChase": ["gust"],
    "counterBlock": ["roll", "attack"],
    "chase": ["gust", "swirl"],

    "legsY": [0, 0, 0.12697569202151154, 0.5555609039391696, 0.9148130001424937, 0.9759662767057457, 0.9759662767057457, 0.8774320490518326, 0.6621635047624876, 0.3537538161691129, 0.04154450834523172, 0, 0, 0.29563636715257974, 0.8015852396513293, 1, 1, 0.839389527701953, 0.4204586086644027, 0, 0],

    "torsoY": 2,

    "speed": 150,

    "staminaUsage": 0.3,


    "skills": ["gust"],

    "attack":
    {
        "damage": 2,
        "variations": 2,
        "duration": 0.45
    },

    "block":
    {
        "duration": 1.0
    },

    "roll":
    {
        "duration": 0.8
    },

    "kick":
    {
        "duration": 0.7
    },

    "fall":
    {
        "duration": 1.0
    },

    "jumpDuration": 1.0,
    "maxHealth": 8,

    "fallRecovery": 1.4

},

"zerk":
{

    "speed": 95,

    "staminaUsage": 0.3,

    "torsoY": -2,

    "legsY": [0, 0, 1, 2, 2, 2, 2, 1, 1, 0, 0, 0, 1, 2, 2, 3, 2, 2, 1, 1, 0, 0, 1, 2, 2, 2, 2, 2, 1, 0, 0],

    "one": "attack",
    "two": "jumpCrush",
    "scroll_up": "swap",
    "scroll_down": "block",

    "spell_one": "swirl",
    "jump": "jump",

    "skills": ["swirl"],

    "block":
    {
        "duration": 0.5
    },

    "attack":
    {
        "damage": 1,
        "variations": 2,
        "duration": 0.2
    },

    "jumpCrush":
    {
        "duration": [0.3, 0.2, 0.5]
    },

    "jumpBack":
    {
        "duration": 1.0
    },

    "leap":
    {
        "duration": 0.8
    },

    "maxHealth": 7,

    "fallRecovery": 1.0

}